{"cameraMode":{"drawMode":0,"name":"Shaded","section":"Shading Mode"},"sceneLighting":false,"audioPlay":false,"sceneViewState":{"showFog":true,"showMaterialUpdate":false,"showSkybox":true,"showFlares":true,"showImageEffects":true,"showParticleSystems":true},"in2DMode":false,"pivot":{"x":2.1721768379211427,"y":0.14844663441181184,"z":-3.744856595993042},"rotation":{"x":0.035578399896621707,"y":0.954578161239624,"z":-0.12704035639762879,"w":0.26725855469703677},"size":9.550000190734864,"orthographic":false}